{
  "server": {
    "hostname": "camobilelab.saasqa.ca.com",
    "port": 8443,
    "prefix": "",
    "server_certs": [
      [
        "-----BEGIN CERTIFICATE-----",
        "MIIDnzCCAoegAwIBAgIJAO7ZIuWFwJZiMA0GCSqGSIb3DQEBCwUAMHoxCzAJBgNVBAYTAkNBMRkw",
        "FwYDVQQIDBBCcml0aXNoIENvbHVtYmlhMRIwEAYDVQQHDAlWYW5jb3V2ZXIxGDAWBgNVBAoMD0NB",
        "IFRlY2hub2xvZ2llczEiMCAGA1UEAwwZY2Ftb2JpbGVsYWIuc2Fhc3FhLmNhLmNvbTAeFw0xODA4",
        "MzAxODQ3MDVaFw0yMDA4MjkxODQ3MDVaMHoxCzAJBgNVBAYTAkNBMRkwFwYDVQQIDBBCcml0aXNo",
        "IENvbHVtYmlhMRIwEAYDVQQHDAlWYW5jb3V2ZXIxGDAWBgNVBAoMD0NBIFRlY2hub2xvZ2llczEi",
        "MCAGA1UEAwwZY2Ftb2JpbGVsYWIuc2Fhc3FhLmNhLmNvbTCCASIwDQYJKoZIhvcNAQEBBQADggEP",
        "ADCCAQoCggEBAMCUWn2iPq5cOPeyVPJDDwdW9x95mC2L8yb4TGAayUeXysnYsVfVcoO7RQnJeD4U",
        "DWkqrd7DPqI0xa71nkZZ0lpIwl50sg3pySb55IBZLEFuIsIElZfufBUQYRxInp2Xd8QOEzMyrkTr",
        "15ewptH45WmeEIq8rsDkA18DT2uGqpbICSQyXWyUhOJ6EftoAp/Eu3OHKYeRS8I4SNAura1VbFiZ",
        "cwtNd7MHA8ncLCSCgV2ihL4ZrZHoaaba44WMs+VXwoUB89AT1U5zFWRwj9YFk6Q6v6HmaER2pNyJ",
        "tG4wpOPvZjilszg4U6My7y50tX2bTHFT236peREe2q5UWQLD2MECAwEAAaMoMCYwJAYDVR0RBB0w",
        "G4IZY2Ftb2JpbGVsYWIuc2Fhc3FhLmNhLmNvbTANBgkqhkiG9w0BAQsFAAOCAQEAKkt3RRXvqCDv",
        "MpK2HjUUwjdJ7oWiTGBCeSwxUF/VhA877ifm2IdOsUzoe7gqiUGqtps9tw6IWd/s9WtBIwka+p2z",
        "STt5TJPdVVMEjj9b41IKyETpW98zrolRA/2CQRETEw1j+6TSm5vt8Krc7mav7SCZWQMLiRNY/dai",
        "3KrS2i9jG6U86OoCpiix9V/E0xbSTXk38gx23T3yDm9je+09qAJ9iLI57Iwhw8e8w2+Ml6A7PtPk",
        "yYlqlpwMDAK266X5NIutv/LnZhYuOsso+STVYloT167+DbuMuIbuXegkQPcem7YYuskDg7MnXsCn",
        "G4etjSjDJvm0m4K8sKsO6l/YJA==",
        "-----END CERTIFICATE-----"
      ]
    ]
  },
  "oauth": {
    "client": {
      "organization": "CA Inc",
      "description": "Mobile Workshop Exercise",
      "client_name": "Team4-Workshop",
      "client_type": "confidential",
      "registered_by": "radba02",
      "client_custom": {},
      "client_ids": [
        {
          "client_id": "8642558a-ef62-4531-90fe-13ded69e2191",
          "client_secret": "",
          "scope": "openid msso phone profile address email msso_client_register msso_register mas_messaging mas_storage mas_identity mas_identity_retrieve_users mas_identity_create_users mas_identity_update_users mas_identity_delete_users mas_identity_retrieve_groups mas_identity_create_groups mas_identity_update_groups mas_identity_delete_groups",
          "redirect_uri": "https://android.ssosdk.ca.com/android",
          "environment": "Android",
          "status": "ENABLED",
          "registered_by": "radba02",
          "service_ids": "",
          "account_plan_mapping_ids": "",
          "client_key_custom": {
            "openid_registration": {
              "request": {},
              "oauth_client": true,
              "response": {
                "client_id": "8642558a-ef62-4531-90fe-13ded69e2191",
                "client_secret": "8642558a-ef62-4531-90fe-13ded69e2191",
                "client_secret_expires_at": "0",
                "client_id_issued_at": 1537304815,
                "registration_access_token": "",
                "registration_client_uri": "",
                "token_endpoint_auth_method": "client_secret_basic",
                "token_endpoint_auth_signing_alg": "",
                "application_type": "",
                "redirect_uris": [
                  "oob"
                ],
                "client_name": "Team4-Workshop",
                "subject_type": "pairwise",
                "sector_identifier_uri": "",
                "contacts": [],
                "response_types": [],
                "grant_types": [],
                "id_token_signed_response_alg": "HS256",
                "userinfo_signed_response_alg": "",
                "environment": "Android",
                "organization": "CA Inc",
                "master": true,
                "description": "Exercise 1",
                "scope": "oob",
                "jwks": "",
                "jwks_uri": ""
              }
            }
          }
        }
      ]
    },
    "system_endpoints": {
      "authorization_endpoint_path": "/auth/oauth/v2/authorize",
      "token_endpoint_path": "/auth/oauth/v2/token",
      "token_revocation_endpoint_path": "/auth/oauth/v2/token/revoke",
      "usersession_logout_endpoint_path": "/connect/session/logout",
      "usersession_status_endpoint_path": "/connect/session/status"
    },
    "oauth_protected_endpoints": {
      "userinfo_endpoint_path": "/openid/connect/v1/userinfo"
    }
  },
  "mas": {
    "scim-path": "/SCIM/MAS/v2",
    "mas-storage-path": "/MASS/v1/Client"
  },
  "mag": {
    "system_endpoints": {
      "device_register_endpoint_path": "/connect/device/register",
      "device_renew_endpoint_path": "/connect/device/renew",
      "device_client_register_endpoint_path": "/connect/device/register/client",
      "device_remove_endpoint_path": "/connect/device/remove",
      "client_credential_init_endpoint_path": "/connect/client/initialize",
      "authenticate_otp_endpoint_path": "/auth/generateOTP"
    },
    "oauth_protected_endpoints": {
      "enterprise_browser_endpoint_path": "/connect/enterprise/browser",
      "device_list_endpoint_path": "/connect/device/list"
    },
    "mobile_sdk": {
      "sso_enabled": true,
      "location_enabled": true,
      "location_provider": "gps",
      "msisdn_enabled": true,
      "enable_public_key_pinning": false,
      "trusted_public_pki": false,
      "trusted_cert_pinned_public_key_hashes": [],
      "client_cert_rsa_keybits": 1024
    },
    "ble": {
      "msso_ble_service_uuid": "980c2f36-bde3-11e4-8dfc-aa07a5b093db",
      "msso_ble_characteristic_uuid": "980c34cc-bde3-11e4-8dfc-aa07a5b093db",
      "msso_ble_rssi": -80
    }
  },
  "custom": {
    "oauth_demo_protected_api_endpoint_path": "/oauth/v2/protectedapi/foo",
    "mag_demo_products_endpoint_path": "/protected/resource/products"
  }
}